{
  "name": "Magic",
  "prefix": "magic",
  "uri": "http://magic",
  "xml": {
    "tagAlias": "lowerCase"
  },
  "associations": [],
  "types": [
    {
      "name": "Parameters",
      "superClass": [ "Element" ],
      "properties": [
        {
          "name": "values",
          "isMany": true,
          "type": "Parameter"
        }
      ]
    },
    {
      "name": "Parameter",
      "properties": [
        {
          "name": "name",
          "isAttr": true,
          "type": "String"
        },
        {
          "name": "value",
          "isAttr": true,
          "type": "String"
        },
        {
          "name": "extensions",
          "type": "Extensions"
        }
      ]
    },
    {
      "name": "Extensions",
      "superClass": [ "Element" ],
      "properties": [
        {
          "name": "extensions",
          "isMany": true,
          "type": "Extension"
        }
      ]
    },
    {
      "name": "Extension",
      "properties": [
        {
          "name": "key",
          "isAttr": true,
          "type": "String"
        }
      ]
    }
  ]
}